Year_in_college,Handgun,Marijuana_week,Alcohol_week,Distance_home_km,Future_uncertainty,Smartphone_hours_day,Talk_parents,Languages,Nature_hike_week,Sex,Hours_work_job,Facebook,Snapchat,Instragram,Twitter,Youtube,Snapchat,WhatsApp,Pinterest,reddit,quora,other,other_type,Age,Lived_another_country_year,Red_meat_frequency,Favorite_thing
First year,No,2,0,60,Moderately uncertain,6,About once a day,2,Yes,Male,I don't have a job (other than school),daily,daily,Once a week,Never,daily,daily,Never,Never,daily,Never,daily,Kik,19,No,Never,What I want to do
First year,No,0,0,5351,Moderately uncertain,2,About once a week,2,Yes,Male,Between 1 and 5 hours,Never,4-6 times a week,4-6 times a week,Never,daily,4-6 times a week,Never,Never,daily,Never,Never,,18,No,Daily,Hike and Bike
Second year,No,7,3,9309,Very uncertain,NA,About once a day,3,Yes,Male,I don't have a job (other than school),daily,daily,daily,Never,2-3 times a week,daily,daily,Never,Never,Never,Never,,20,Yes,2-3 times a week,Watch Movies
Second year,No,0,1,5122,Extremely uncertain,2,About once a day,2,Yes,Female,Between 20 and 40 hours,4-6 times a week,daily,4-6 times a week,2-3 times a week,Once a week,daily,Never,Never,2-3 times a week,Never,Once a week,GroupMe,19,No,4-6 times a week,Talk to human beings
Third year,No,0,2,156,Moderately uncertain,3,About once a week,1,No,Female,Between 1 and 5 hours,daily,daily,daily,Never,Once a week,daily,Never,Never,Never,Never,Never,,20,No,4-6 times a week,Workout
> fifth year,Yes,0,0,5,Extremely uncertain,6,About once a week,2,Yes,Female,I don't have a job (other than school),Never,daily,Never,Once a week,4-6 times a week,daily,4-6 times a week,Never,Never,2-3 times a week,daily,"xbox app, TA and a few others ",31,No,Once a year,Lots of things 
Second year,Yes,0,4,2739,Moderately uncertain,8,About once a week,1,No,Female,I don't have a job (other than school),daily,daily,daily,daily,2-3 times a week,daily,Never,2-3 times a week,Never,Never,Never,,20,No,Never,Ride Horses
First year,No,0,0,105,Not at all uncertain,0.5,About once a week,2,No,Female,Between 5 and 10 hours,Once a week,daily,daily,Once a week,2-3 times a week,daily,Never,Once a week,Never,Never,Never,,18,Yes,Once a week,exploring the outdoors and traveling
Second year,No,0,0,32,A little uncertain,2,More than once a day,2,Yes,Female,Between 20 and 40 hours,4-6 times a week,daily,daily,Never,Once a week,daily,Never,Once a week,Never,Never,Never,n/a,19,No,Never,Hiking!
First year,No,1,5,1804,Moderately uncertain,8,More than once a day,1,No,Female,I don't have a job (other than school),4-6 times a week,daily,daily,daily,daily,daily,Never,Never,Never,Never,,,19,No,2-3 times a week,My favorite thing to do is to hang out with my friends and family(including pets)
Third year,No,1,4,1308,Very uncertain,2,About once a week,1,Yes,Male,Between 10 and 20 hours,Once a week,daily,daily,daily,daily,daily,Never,Never,Never,Never,Never,NA,21,No,4-6 times a week,Meet new people
Fourth year,No,2,2,0,Very uncertain,3,About once a week,2,Yes,Female,Between 10 and 20 hours,Once a week,,4-6 times a week,,,,,,,,,,23,Yes,Once a week,Meditate
Second year,No,0,0,9768,Moderately uncertain,5,More than once a day,4,No,Female,I don't have a job (other than school),daily,2-3 times a week,daily,Never,Once a week,2-3 times a week,Once a week,Never,Never,Never,2-3 times a week,WeChat,21,Yes,Daily,Try various food
Second year,No,7,0,2950,Moderately uncertain,4,About once a month,2,Yes,Female,Between 5 and 10 hours,2-3 times a week,daily,4-6 times a week,Never,daily,daily,Never,Never,Once a week,Never,Never,,21,No,4-6 times a week,cliff jump
Third year,No,0,0,29,Very uncertain,6,About once a week,2,No,Female,Between 20 and 40 hours,2-3 times a week,2-3 times a week,2-3 times a week,Never,Never,2-3 times a week,Never,Never,Never,Never,Never,,20,Yes,2-3 times a week,Read
Second year,No,0,2,145,Very uncertain,5,About once a week,2,Yes,Female,Between 1 and 5 hours,4-6 times a week,daily,daily,Never,2-3 times a week,daily,4-6 times a week,Never,Never,Never,Never,,20,No,Never,Ski
Third year,No,0,2,2,A little uncertain,3,About once a day,2,Yes,Female,Between 1 and 5 hours,daily,daily,daily,Never,4-6 times a week,daily,Never,daily,Never,Never,Never,,22,Yes,Once a month,Relax in a hot tub
Second year,No,7,1,2800,A little uncertain,3,About once a week,1,No,Female,I don't have a job (other than school),Never,daily,daily,Never,4-6 times a week,daily,Never,daily,Never,Never,Never,,20,No,Never,paint/draw
Second year,No,0,5,126,Moderately uncertain,1,About once a week,1,Yes,Male,I don't have a job (other than school),Once a week,daily,daily,Never,Once a week,daily,Never,Never,daily,Never,Never,,20,No,Never,Be outside
First year,No,0,0,74,Moderately uncertain,6,About once a week,1,No,Female,Between 5 and 10 hours,4-6 times a week,daily,daily,Never,daily,daily,Never,daily,Never,Never,Never,,19,No,4-6 times a week,Have deep conversations with people I love
> fifth year,Yes,0,4,14,Not at all uncertain,3,About once a week,1,No,Male,I don't have a job (other than school),daily,Never,Never,Never,2-3 times a week,Never,Never,Once a week,Never,Never,Never,,30,No,Once a week,spend time with my wife and daughters
> fifth year,Yes,0,0,16,Extremely uncertain,3,About once a month,2,No,Female,I don't have a job (other than school),Once a week,4-6 times a week,Never,Once a week,4-6 times a week,daily,Once a week,Never,Never,Never,Never,,31,No,Once a month,game
Second year,No,0,2,1450,A little uncertain,4,About once a day,2,Yes,Female,I don't have a job (other than school),daily,daily,daily,Never,Never,daily,Never,4-6 times a week,Never,Never,,,20,No,4-6 times a week,"Anything with my dog - running, walking, swimming, cuddling, playing, etc."
Fourth year,No,0,0,24,Moderately uncertain,4,About once a day,1,Yes,Female,Between 20 and 40 hours,Never,daily,Once a week,Never,Never,daily,Never,daily,Never,Never,Never,,22,No,Once a week,Be outside in the summer
Second year,No,0,1,80,A little uncertain,5,About once a week,1,No,Female,Between 5 and 10 hours,daily,daily,daily,Never,Once a week,daily,Never,Never,Never,Never,Never,,20,No,Never,Run
First year,No,0.25,0.5,47,A little uncertain,3,About once a month,1,No,Male,Between 5 and 10 hours,Once a week,daily,Once a week,Never,4-6 times a week,daily,Never,Never,daily,Never,Never,,19,No,Never,electric guitar
Second year,No,2,3,1658,A little uncertain,6,About once a week,1,Yes,Female,Between 10 and 20 hours,daily,daily,daily,Never,4-6 times a week,daily,Never,Never,Never,Never,4-6 times a week,VSCO,20,No,2-3 times a week,Netflix and Chill
First year,No,0,0,56,Extremely uncertain,6,About once a week,2,No,Female,Between 5 and 10 hours,2-3 times a week,daily,4-6 times a week,daily,daily,daily,Never,Never,Never,Never,,,18,No,4-6 times a week,Travel
Fourth year,Yes,0,7,1288,A little uncertain,2,About once a month,1,Yes,Male,Between 5 and 10 hours,daily,daily,Never,Never,2-3 times a week,daily,Never,Never,Never,Never,Never,,27,Yes,Daily,Drive too fast
First year,No,3,3,30,A little uncertain,2.5,About once a week,1,Yes,Male,I don't have a job (other than school),2-3 times a week,Once a week,daily,Never,daily,Once a week,Never,Never,Never,Never,,N/A,19,No,4-6 times a week,fly fish
Second year,No,0,0,2955,Moderately uncertain,3,About once a day,2,No,Female,Between 10 and 20 hours,daily,daily,4-6 times a week,daily,4-6 times a week,daily,Never,Once a week,Never,Never,Never,N/A,19,No,4-6 times a week,Play soccer and hang out with friends
Second year,No,2,4,410,A little uncertain,2,About once a week,1,No,Female,Between 10 and 20 hours,daily,daily,daily,Never,2-3 times a week,daily,Never,Once a week,Never,Never,Never,,19,No,2-3 times a week,Listen to Music
Third year,No,0,1,84,Moderately uncertain,12,About once a day,1,No,Female,I don't have a job (other than school),4-6 times a week,daily,daily,daily,4-6 times a week,daily,Never,Never,Never,Never,Never,,20,No,Once a week,Spend time with my boyfriend
Second year,No,0,0,25,A little uncertain,2,About once a week,1,No,Female,I don't have a job (other than school),4-6 times a week,Never,daily,Never,4-6 times a week,Never,Never,Never,Never,Never,Never,,19,No,2-3 times a week,"Do activities wit friends like game nights, exploring outside, etc, or just socialize in general"
Fourth year,No,1,3,200,A little uncertain,1,About once a day,2,Yes,Male,Between 20 and 40 hours,4-6 times a week,daily,4-6 times a week,,2-3 times a week,4-6 times a week,Never,Never,4-6 times a week,Never,Never,,21,No,Once a month,Play Outside
Second year,No,0,1,40,Moderately uncertain,12,About once a day,2,No,Female,Between 20 and 40 hours,daily,daily,2-3 times a week,Once a week,2-3 times a week,daily,Once a week,Never,Never,Never,,,20,Yes,Once a week,Read
Second year,No,0,0,65,Very uncertain,7,About once a week,2,Yes,Male,Between 10 and 20 hours,Once a week,Never,Never,daily,daily,Never,Never,Never,4-6 times a week,2-3 times a week,Never,,20,No,Once a month,"Create things, like circuits and wood-carved items"
> fifth year,No,30,0,0,Extremely uncertain,4,About once a week,2,Yes,Female,Between 1 and 5 hours,daily,Once a week,daily,Never,daily,Once a week,Never,Once a week,Once a week,Never,daily,"Hulu, Netflix",23,Yes,Once a year,Play Zelda: Ocarina of Time
Second year,No,0,1,1400,Moderately uncertain,2,About once a day,1,No,Male,I don't have a job (other than school),Never,Never,daily,Never,Once a week,Never,Never,Never,Never,Never,Never,,20,No,Once a month,create art
Second year,No,0,3,130,Moderately uncertain,2,About once a day,1,Yes,Male,I don't have a job (other than school),4-6 times a week,daily,daily,Never,2-3 times a week,daily,Never,Never,Never,Never,,,20,No,4-6 times a week,Snowboard
Second year,No,0.5,0.2,0,Moderately uncertain,2,About once a week,1,Yes,Male,Between 10 and 20 hours,Never,daily,daily,Never,4-6 times a week,daily,Never,Never,4-6 times a week,Never,Never,,20,No,4-6 times a week,Read
Second year,No,7,1,2038,Moderately uncertain,8,About once a day,1,No,Female,Between 10 and 20 hours,Never,daily,daily,daily,4-6 times a week,daily,Never,Never,Never,Never,2-3 times a week,Tumblr,19,No,Never,eat
Second year,No,14,2,1643,Extremely uncertain,1,About once a week,1,Yes,Female,I don't have a job (other than school),Once a week,daily,2-3 times a week,Once a week,Once a week,daily,Never,Never,Never,Never,Never,,19,No,Never,Snowboard 
Fifth year,No,20,0,226,Very uncertain,5,About once a day,2,No,Female,Between 10 and 20 hours,2-3 times a week,Never,Never,Never,daily,Never,Never,Never,daily,Never,Never,,22,No,Never,Sing/write music
Third year,No,0,3,112,Moderately uncertain,5,About once a day,1,No,Female,Between 10 and 20 hours,daily,daily,daily,daily,Once a week,daily,Never,Once a week,Once a week,Never,Never,n/a,21,No,Once a week,read
Third year,No,5,1.5,1979,Very uncertain,4,About once a week,2,Yes,Male,Between 1 and 5 hours,daily,daily,daily,Never,daily,daily,2-3 times a week,Never,Never,Never,Never,,21,No,Once a month,Be outside
Third year,No,0,0,31,A little uncertain,4,More than once a day,2,No,Female,Between 5 and 10 hours,daily,daily,daily,Never,daily,daily,daily,Once a week,Never,Never,Never,n/a,20,No,Once a month,spend time with family
> fifth year,No,0,2,2700,A little uncertain,NA,About once a week,1,Yes,Male,Between 5 and 10 hours,daily,Never,daily,Never,2-3 times a week,Never,Never,Never,Never,Never,,,27,No,Never,Hiking
Fourth year,No,5,1,5000,Moderately uncertain,2,About once a day,2,No,Female,,2-3 times a week,Once a week,Once a week,Never,Once a week,Once a week,2-3 times a week,Never,Never,Never,Never,,21,Yes,2-3 times a week,kick ass at school
Third year,No,2,0,120,Very uncertain,4,About once a week,2,No,Male,I don't have a job (other than school),Never,daily,Never,Never,daily,daily,Never,Never,daily,Never,Never,,20,No,Never,Mountain bike 